_id,GRUPOSERVICO_CODIGO,GRUPOSERVICO_DESCRICAO,SERVICO_CODIGO,SERVICO_DESCRICAO,LOGRADOURO,NUMERO,BAIRRO,RPA,DATA_DEMANDA,SITUACAO,DATA_ULT_SITUACAO
1,7,ARBORIZAÇÃO,8,PODA DE ARVORES,REF  AVENIDA 17 DE AGOSTO,833,PARNAMIRIM,3,2021-04-09T00:00:00,EXECUÇÃO,2021-04-09T00:00:00
2,7,ARBORIZAÇÃO,8,PODA DE ARVORES,RUA  ARRUDA CAMARA,89,IMBIRIBEIRA,6,2021-04-09T00:00:00,CADASTRADA,2021-04-09T00:00:00
3,7,ARBORIZAÇÃO,8,PODA DE ARVORES,RUA  ESPINHEIRO,377,GRACAS,3,2021-04-09T00:00:00,EXECUÇÃO,2021-04-09T00:00:00
4,7,ARBORIZAÇÃO,8,PODA DE ARVORES,RUA  JOAO RAMOS,301,GRACAS,3,2021-04-09T00:00:00,PENDENTE,2021-04-09T00:00:00
5,7,ARBORIZAÇÃO,8,PODA DE ARVORES,RUA  RODOLFO RANGEL MOREIRA,00,MADALENA,4,2021-04-09T00:00:00,CADASTRADA,2021-04-09T00:00:00
6,7,ARBORIZAÇÃO,8,PODA DE ARVORES,RUA  TAPACURA,151,POCO,3,2021-04-09T00:00:00,EXECUÇÃO,2021-04-09T00:00:00
7,7,ARBORIZAÇÃO,8,PODA DE ARVORES,RUA DOM ANTONIO DE MACEDO,S/N,VARZEA,4,2021-04-09T00:00:00,CADASTRADA,2021-04-09T00:00:00
8,7,ARBORIZAÇÃO,8,PODA DE ARVORES,RUA DR JOSE DE BARROS,S/N,DERBY,3,2021-04-09T00:00:00,EXECUÇÃO,2021-04-09T00:00:00
9,7,ARBORIZAÇÃO,8,PODA DE ARVORES,RUA DRA AMARILES BARBOSA DE AGUIAR,210,MADALENA,4,2021-04-09T00:00:00,CADASTRADA,2021-04-09T00:00:00
10,7,ARBORIZAÇÃO,8,PODA DE ARVORES,RUA MONSENHOR SILVA,329,MADALENA,4,2021-04-09T00:00:00,CADASTRADA,2021-04-09T00:00:00
11,7,ARBORIZAÇÃO,15,ERRADICAÇÃO DE ARVORES,RUA  AMELIA,652,GRACAS,3,2021-04-09T00:00:00,EXECUÇÃO,2021-04-09T00:00:00
12,7,ARBORIZAÇÃO,16,VISTORIA DE ARVORES,AV  MANOEL GONCALVES DA LUZ,S/N,MUSTARDINHA,5,2021-04-09T00:00:00,CADASTRADA,2021-04-09T00:00:00
13,7,ARBORIZAÇÃO,16,VISTORIA DE ARVORES,RUA  BRAZOPOLIS,SN,BRASILIA TEIMOSA,6,2021-04-09T00:00:00,PREPARAÇÃO,2021-04-09T00:00:00
14,7,ARBORIZAÇÃO,16,VISTORIA DE ARVORES,RUA  CERES,159,IPUTINGA,4,2021-04-09T00:00:00,PREPARAÇÃO,2021-04-09T00:00:00
15,7,ARBORIZAÇÃO,16,VISTORIA DE ARVORES,RUA  ESTADO DE ISRAEL,SN,ILHA DO LEITE,1,2021-04-09T00:00:00,CADASTRADA,2021-04-09T00:00:00
16,7,ARBORIZAÇÃO,16,VISTORIA DE ARVORES,RUA  FUTURO,122,GRACAS,3,2021-04-09T00:00:00,EXECUÇÃO,2021-04-09T00:00:00
17,7,ARBORIZAÇÃO,16,VISTORIA DE ARVORES,RUA  RIO XINGU,602,IBURA,6,2021-04-09T00:00:00,PREPARAÇÃO,2021-04-09T00:00:00
18,7,ARBORIZAÇÃO,16,VISTORIA DE ARVORES,RUA  VITORIANO EBLA,34,JARDIM SAO PAULO,5,2021-04-09T00:00:00,CADASTRADA,2021-04-09T00:00:00
"19,11,DRENAGEM,4,""LIMP. DE GALERIAS,VALETAS,SARJETAS"",RUA  DEMOSTENES DE OLINDA,S/N,MADALENA,4,2021-04-09T00:00:00,CADASTRADA,2021-04-09T00:00:00"
"20,11,DRENAGEM,18,""REPOSIÇÃO TAMPA DE POÇO, GALERIAS E PRE-MOLDADOS"",AV  ANTONIO DE GOES,283,PINA,6,2021-04-09T00:00:00,CADASTRADA,2021-04-09T00:00:00"
21,11,DRENAGEM,72,RECUP. DE ABATIMENTO GALERIA,AV  BEBERIBE,2715,FUNDAO,2,2021-04-09T00:00:00,CADASTRADA,2021-04-09T00:00:00
22,11,DRENAGEM,72,RECUP. DE ABATIMENTO GALERIA,AV  HILDEBRANDO DE VASCONCELOS,S/N,DOIS UNIDOS,2,2021-04-09T00:00:00,CADASTRADA,2021-04-09T00:00:00
23,11,DRENAGEM,72,RECUP. DE ABATIMENTO GALERIA,RUA  ISAAC SALAZAR,189,TAMARINEIRA,3,2021-04-09T00:00:00,CADASTRADA,2021-04-09T00:00:00
24,11,DRENAGEM,72,RECUP. DE ABATIMENTO GALERIA,RUA  SA E SOUZA,S/N,BOA VIAGEM,6,2021-04-09T00:00:00,CADASTRADA,2021-04-09T00:00:00
25,11,DRENAGEM,72,RECUP. DE ABATIMENTO GALERIA,RUA MARECHAL DEODORO,366,ENCRUZILHADA,2,2021-04-09T00:00:00,CADASTRADA,2021-04-09T00:00:00
26,11,DRENAGEM,72,RECUP. DE ABATIMENTO GALERIA,RUA SANTO CRISTO,145,AFOGADOS,5,2021-04-09T00:00:00,CADASTRADA,2021-04-09T00:00:00
27,12,ESCADARIA,57,RECUP. DE ESCADARIA,RUA SAO ROMAO,43,BREJO DA GUABIRABA,3,2021-04-09T00:00:00,CADASTRADA,2021-04-09T00:00:00
28,15,FISCALIZAÇÃO URBANA,51,REG. DE VARRICAO OU ESVAZIAR PAPELEIRA,RUA DR LUIZ INACIO PESSOA DE MELO,S/N,BOA VIAGEM,6,2021-04-09T00:00:00,PREPARAÇÃO,2021-04-09T00:00:00
29,17,ILUMINAÇÃO PÚBLICA,21,APAGAR LAMPADA,RUA  ASSEMBLEIA,42,COHAB,6,2021-04-09T00:00:00,EXECUÇÃO,2021-04-09T00:00:00
30,17,ILUMINAÇÃO PÚBLICA,21,APAGAR LAMPADA,RUA  JEAN EMILE FAVRE,00,IPSEP,6,2021-04-09T00:00:00,EXECUÇÃO,2021-04-09T00:00:00
31,17,ILUMINAÇÃO PÚBLICA,21,APAGAR LAMPADA,RUA DR GONZAGA MARANHAO,962,IPSEP,6,2021-04-09T00:00:00,EXECUÇÃO,2021-04-09T00:00:00
32,17,ILUMINAÇÃO PÚBLICA,22,APAGAR CIRCUITO,AV ENGENHEIRO DOMINGOS FERREIRA,00,BOA VIAGEM,6,2021-04-09T00:00:00,EXECUÇÃO,2021-04-09T00:00:00
33,17,ILUMINAÇÃO PÚBLICA,23,ACENDER CIRCUITO,AV  RECIFE,00,IBURA,6,2021-04-09T00:00:00,ATENDIDA,2021-04-09T00:00:00
34,17,ILUMINAÇÃO PÚBLICA,23,ACENDER CIRCUITO,AV  RECIFE,00,JARDIM SAO PAULO,5,2021-04-09T00:00:00,ATENDIDA,2021-04-09T00:00:00
35,17,ILUMINAÇÃO PÚBLICA,23,ACENDER CIRCUITO,ROD  BR CENTO E UM,SN,VARZEA,4,2021-04-09T00:00:00,EXECUÇÃO,2021-04-09T00:00:00
36,17,ILUMINAÇÃO PÚBLICA,23,ACENDER CIRCUITO,RUA  JORGE GOMES DE SA,00,SANTANA,3,2021-04-09T00:00:00,ATENDIDA,2021-04-09T00:00:00
37,17,ILUMINAÇÃO PÚBLICA,23,ACENDER CIRCUITO,RUA  PROJETADA,162,ESTANCIA,5,2021-04-09T00:00:00,EXECUÇÃO,2021-04-09T00:00:00
38,17,ILUMINAÇÃO PÚBLICA,23,ACENDER CIRCUITO,RUA  RIO NOVO DO SUL,S/N,IBURA,6,2021-04-09T00:00:00,EXECUÇÃO,2021-04-09T00:00:00
39,17,ILUMINAÇÃO PÚBLICA,25,MANUTENÇÃO EM LÂMPADA APAGADA,1TR CONEGO LUIZ VIEIRA,10,COHAB,6,2021-04-09T00:00:00,EXECUÇÃO,2021-04-09T00:00:00
40,17,ILUMINAÇÃO PÚBLICA,25,MANUTENÇÃO EM LÂMPADA APAGADA,1TR PRINCIPE BEIRA,115 B,JIQUIA,5,2021-04-09T00:00:00,EXECUÇÃO,2021-04-09T00:00:00
41,17,ILUMINAÇÃO PÚBLICA,25,MANUTENÇÃO EM LÂMPADA APAGADA,1TR PRINCIPE BEIRA,34,JIQUIA,5,2021-04-09T00:00:00,EXECUÇÃO,2021-04-09T00:00:00
42,17,ILUMINAÇÃO PÚBLICA,25,MANUTENÇÃO EM LÂMPADA APAGADA,AV  BEIRA RIO,SN,ILHA DO LEITE,1,2021-04-09T00:00:00,EXECUÇÃO,2021-04-09T00:00:00
43,17,ILUMINAÇÃO PÚBLICA,25,MANUTENÇÃO EM LÂMPADA APAGADA,AV  BOA VIAGEM,00,BOA VIAGEM,6,2021-04-09T00:00:00,ATENDIDA,2021-04-09T00:00:00
44,17,ILUMINAÇÃO PÚBLICA,25,MANUTENÇÃO EM LÂMPADA APAGADA,AV  BOA VIAGEM,S/N,BOA VIAGEM,6,2021-04-09T00:00:00,EXECUÇÃO,2021-04-09T00:00:00
45,17,ILUMINAÇÃO PÚBLICA,25,MANUTENÇÃO EM LÂMPADA APAGADA,AV  DANTAS BARRETO,SN,SANTO ANTONIO,1,2021-04-09T00:00:00,EXECUÇÃO,2021-04-09T00:00:00
46,17,ILUMINAÇÃO PÚBLICA,25,MANUTENÇÃO EM LÂMPADA APAGADA,AV  RUI BARBOSA,S/N,JAQUEIRA,3,2021-04-09T00:00:00,ATENDIDA,2021-04-09T00:00:00
47,17,ILUMINAÇÃO PÚBLICA,25,MANUTENÇÃO EM LÂMPADA APAGADA,AV  SUL GOV  CID SAMPAIO,SN,SAO JOSE,1,2021-04-09T00:00:00,EXECUÇÃO,2021-04-09T00:00:00
48,17,ILUMINAÇÃO PÚBLICA,25,MANUTENÇÃO EM LÂMPADA APAGADA,AV  TRINTA DE OUTUBRO,366,JARDIM SAO PAULO,5,2021-04-09T00:00:00,EXECUÇÃO,2021-04-09T00:00:00
49,17,ILUMINAÇÃO PÚBLICA,25,MANUTENÇÃO EM LÂMPADA APAGADA,AV DES PEDRO RIBEIRO MALTA,00,BARRO,5,2021-04-09T00:00:00,EXECUÇÃO,2021-04-09T00:00:00
50,17,ILUMINAÇÃO PÚBLICA,25,MANUTENÇÃO EM LÂMPADA APAGADA,AV ENGENHEIRO ABDIAS DE CARVALHO,1991,SAN MARTIN,5,2021-04-09T00:00:00,EXECUÇÃO,2021-04-09T00:00:00
51,17,ILUMINAÇÃO PÚBLICA,25,MANUTENÇÃO EM LÂMPADA APAGADA,AV ENGENHEIRO ABDIAS DE CARVALHO,S/N,BONGI,5,2021-04-09T00:00:00,EXECUÇÃO,2021-04-09T00:00:00
52,17,ILUMINAÇÃO PÚBLICA,25,MANUTENÇÃO EM LÂMPADA APAGADA,AV MARECHAL MASCARENHAS DE MORAES,5558,IMBIRIBEIRA,6,2021-04-09T00:00:00,EXECUÇÃO,2021-04-09T00:00:00
53,17,ILUMINAÇÃO PÚBLICA,25,MANUTENÇÃO EM LÂMPADA APAGADA,AV MARECHAL MASCARENHAS DE MORAES,5855,IMBIRIBEIRA,6,2021-04-09T00:00:00,EXECUÇÃO,2021-04-09T00:00:00
54,17,ILUMINAÇÃO PÚBLICA,25,MANUTENÇÃO EM LÂMPADA APAGADA,AV MARECHAL MASCARENHAS DE MORAES,6345,IMBIRIBEIRA,6,2021-04-09T00:00:00,EXECUÇÃO,2021-04-09T00:00:00
55,17,ILUMINAÇÃO PÚBLICA,25,MANUTENÇÃO EM LÂMPADA APAGADA,AV MARECHAL MASCARENHAS DE MORAES,S/N,IMBIRIBEIRA,6,2021-04-09T00:00:00,EXECUÇÃO,2021-04-09T00:00:00
56,17,ILUMINAÇÃO PÚBLICA,25,MANUTENÇÃO EM LÂMPADA APAGADA,AV PADRE CICERO,878,BARRO,5,2021-04-09T00:00:00,EXECUÇÃO,2021-04-09T00:00:00
57,17,ILUMINAÇÃO PÚBLICA,25,MANUTENÇÃO EM LÂMPADA APAGADA,AV POETA VINICIUS DE MORAIS,S/N,CAMPINA DO BARRETO,2,2021-04-09T00:00:00,EXECUÇÃO,2021-04-09T00:00:00
58,17,ILUMINAÇÃO PÚBLICA,25,MANUTENÇÃO EM LÂMPADA APAGADA,AV PREFEITO ANTONIO PEREIRA,S/N,VARZEA,4,2021-04-09T00:00:00,EXECUÇÃO,2021-04-09T00:00:00
59,17,ILUMINAÇÃO PÚBLICA,25,MANUTENÇÃO EM LÂMPADA APAGADA,AV PROFESSOR JOAQUIM CAVALCANTI,SN,IPUTINGA,4,2021-04-09T00:00:00,EXECUÇÃO,2021-04-09T00:00:00
60,17,ILUMINAÇÃO PÚBLICA,25,MANUTENÇÃO EM LÂMPADA APAGADA,AV SANTO ANTONIO,15,BARRO,5,2021-04-09T00:00:00,EXECUÇÃO,2021-04-09T00:00:00
61,17,ILUMINAÇÃO PÚBLICA,25,MANUTENÇÃO EM LÂMPADA APAGADA,AV SENADOR ROBERT KENNEDY,675,IPSEP,6,2021-04-09T00:00:00,EXECUÇÃO,2021-04-09T00:00:00
62,17,ILUMINAÇÃO PÚBLICA,25,MANUTENÇÃO EM LÂMPADA APAGADA,AV VISCONDE SUASSUNA,196,SANTO AMARO,1,2021-04-09T00:00:00,EXECUÇÃO,2021-04-09T00:00:00
63,17,ILUMINAÇÃO PÚBLICA,25,MANUTENÇÃO EM LÂMPADA APAGADA,ROD  BR CENTO E UM,SN,IPUTINGA,4,2021-04-09T00:00:00,EXECUÇÃO,2021-04-09T00:00:00
64,17,ILUMINAÇÃO PÚBLICA,25,MANUTENÇÃO EM LÂMPADA APAGADA,RUA  ADOLFO FARO,S/N,IPSEP,6,2021-04-09T00:00:00,EXECUÇÃO,2021-04-09T00:00:00
65,17,ILUMINAÇÃO PÚBLICA,25,MANUTENÇÃO EM LÂMPADA APAGADA,RUA  ANTONIO DA SILVA,SN,ENGENHO DO MEIO,4,2021-04-09T00:00:00,EXECUÇÃO,2021-04-09T00:00:00
66,17,ILUMINAÇÃO PÚBLICA,25,MANUTENÇÃO EM LÂMPADA APAGADA,RUA  APIPUCOS,S/N,APIPUCOS,3,2021-04-09T00:00:00,EXECUÇÃO,2021-04-09T00:00:00
67,17,ILUMINAÇÃO PÚBLICA,25,MANUTENÇÃO EM LÂMPADA APAGADA,RUA  ARISTIDES LOBO,S/N,IPSEP,6,2021-04-09T00:00:00,EXECUÇÃO,2021-04-09T00:00:00
68,17,ILUMINAÇÃO PÚBLICA,25,MANUTENÇÃO EM LÂMPADA APAGADA,RUA  AURORA,1301,SANTO AMARO,1,2021-04-09T00:00:00,EXECUÇÃO,2021-04-09T00:00:00
69,17,ILUMINAÇÃO PÚBLICA,25,MANUTENÇÃO EM LÂMPADA APAGADA,RUA  AURORA,SN,SANTO AMARO,1,2021-04-09T00:00:00,EXECUÇÃO,2021-04-09T00:00:00
70,17,ILUMINAÇÃO PÚBLICA,25,MANUTENÇÃO EM LÂMPADA APAGADA,RUA  BARCELOS,37,ENGENHO DO MEIO,4,2021-04-09T00:00:00,EXECUÇÃO,2021-04-09T00:00:00
71,17,ILUMINAÇÃO PÚBLICA,25,MANUTENÇÃO EM LÂMPADA APAGADA,RUA  BARCELOS,377,ENGENHO DO MEIO,4,2021-04-09T00:00:00,PREPARAÇÃO,2021-04-09T00:00:00
72,17,ILUMINAÇÃO PÚBLICA,25,MANUTENÇÃO EM LÂMPADA APAGADA,RUA  BASILIO DA GAMA,171,PONTO DE PARADA,2,2021-04-09T00:00:00,EXECUÇÃO,2021-04-09T00:00:00
73,17,ILUMINAÇÃO PÚBLICA,25,MANUTENÇÃO EM LÂMPADA APAGADA,RUA  BETINHA,100,NOVA DESCOBERTA,3,2021-04-09T00:00:00,EXECUÇÃO,2021-04-09T00:00:00
74,17,ILUMINAÇÃO PÚBLICA,25,MANUTENÇÃO EM LÂMPADA APAGADA,RUA  BRITANIA,235,JORDAO,6,2021-04-09T00:00:00,PREPARAÇÃO,2021-04-09T00:00:00
75,17,ILUMINAÇÃO PÚBLICA,25,MANUTENÇÃO EM LÂMPADA APAGADA,RUA  CAIANA,111,COHAB,6,2021-04-09T00:00:00,EXECUÇÃO,2021-04-09T00:00:00
76,17,ILUMINAÇÃO PÚBLICA,25,MANUTENÇÃO EM LÂMPADA APAGADA,RUA  CANTORA DALVA DE OLIVEIRA,00,BARRO,5,2021-04-09T00:00:00,EXECUÇÃO,2021-04-09T00:00:00
77,17,ILUMINAÇÃO PÚBLICA,25,MANUTENÇÃO EM LÂMPADA APAGADA,RUA  CARLOS BORROMEU,S/N,ENCRUZILHADA,2,2021-04-09T00:00:00,EXECUÇÃO,2021-04-09T00:00:00
78,17,ILUMINAÇÃO PÚBLICA,25,MANUTENÇÃO EM LÂMPADA APAGADA,RUA  CASTOR,49,BOMBA DO HEMETERIO,2,2021-04-09T00:00:00,EXECUÇÃO,2021-04-09T00:00:00
79,17,ILUMINAÇÃO PÚBLICA,25,MANUTENÇÃO EM LÂMPADA APAGADA,RUA  DANIEL ANTONIO RODRIGUES,S/N,AFOGADOS,5,2021-04-09T00:00:00,EXECUÇÃO,2021-04-09T00:00:00
80,17,ILUMINAÇÃO PÚBLICA,25,MANUTENÇÃO EM LÂMPADA APAGADA,RUA  DOURADINHA,S/N,VASCO DA GAMA,3,2021-04-09T00:00:00,EXECUÇÃO,2021-04-09T00:00:00
81,17,ILUMINAÇÃO PÚBLICA,25,MANUTENÇÃO EM LÂMPADA APAGADA,RUA  ELIZEU CESAR,15,JIQUIA,5,2021-04-09T00:00:00,EXECUÇÃO,2021-04-09T00:00:00
82,17,ILUMINAÇÃO PÚBLICA,25,MANUTENÇÃO EM LÂMPADA APAGADA,RUA  FELIPE MOURA,83,AFOGADOS,5,2021-04-09T00:00:00,EXECUÇÃO,2021-04-09T00:00:00
83,17,ILUMINAÇÃO PÚBLICA,25,MANUTENÇÃO EM LÂMPADA APAGADA,RUA  FLOR DE MARIZ,298,FUNDAO,2,2021-04-09T00:00:00,EXECUÇÃO,2021-04-09T00:00:00
84,17,ILUMINAÇÃO PÚBLICA,25,MANUTENÇÃO EM LÂMPADA APAGADA,RUA  FRANCISCO RUSSO,50,BARRO,5,2021-04-09T00:00:00,EXECUÇÃO,2021-04-09T00:00:00
85,17,ILUMINAÇÃO PÚBLICA,25,MANUTENÇÃO EM LÂMPADA APAGADA,RUA  GARANHUNS,40,JORDAO,6,2021-04-09T00:00:00,EXECUÇÃO,2021-04-09T00:00:00
86,17,ILUMINAÇÃO PÚBLICA,25,MANUTENÇÃO EM LÂMPADA APAGADA,RUA  GERINALDO ALVES,224,CAMPINA DO BARRETO,2,2021-04-09T00:00:00,EXECUÇÃO,2021-04-09T00:00:00
87,17,ILUMINAÇÃO PÚBLICA,25,MANUTENÇÃO EM LÂMPADA APAGADA,RUA  GRACAS,09,GRACAS,3,2021-04-09T00:00:00,EXECUÇÃO,2021-04-09T00:00:00
88,17,ILUMINAÇÃO PÚBLICA,25,MANUTENÇÃO EM LÂMPADA APAGADA,RUA  IGUATU,314,CAMPINA DO BARRETO,2,2021-04-09T00:00:00,EXECUÇÃO,2021-04-09T00:00:00
89,17,ILUMINAÇÃO PÚBLICA,25,MANUTENÇÃO EM LÂMPADA APAGADA,RUA  IZABEL DE SOUZA,S/N,IMBIRIBEIRA,6,2021-04-09T00:00:00,EXECUÇÃO,2021-04-09T00:00:00
90,17,ILUMINAÇÃO PÚBLICA,25,MANUTENÇÃO EM LÂMPADA APAGADA,RUA  JADER DE ANDRADE,215,CASA FORTE,3,2021-04-09T00:00:00,EXECUÇÃO,2021-04-09T00:00:00
91,17,ILUMINAÇÃO PÚBLICA,25,MANUTENÇÃO EM LÂMPADA APAGADA,RUA  JERONIMO VILELA,106,CAMPO GRANDE,2,2021-04-09T00:00:00,EXECUÇÃO,2021-04-09T00:00:00
92,17,ILUMINAÇÃO PÚBLICA,25,MANUTENÇÃO EM LÂMPADA APAGADA,RUA  JORGE ABRANTES,S/N,JIQUIA,5,2021-04-09T00:00:00,EXECUÇÃO,2021-04-09T00:00:00
93,17,ILUMINAÇÃO PÚBLICA,25,MANUTENÇÃO EM LÂMPADA APAGADA,RUA  JOSE DE SOUZA MARMELO,05,COHAB,6,2021-04-09T00:00:00,EXECUÇÃO,2021-04-09T00:00:00
94,17,ILUMINAÇÃO PÚBLICA,25,MANUTENÇÃO EM LÂMPADA APAGADA,RUA  JOSE DE SOUZA MARMELO,67,COHAB,6,2021-04-09T00:00:00,EXECUÇÃO,2021-04-09T00:00:00
95,17,ILUMINAÇÃO PÚBLICA,25,MANUTENÇÃO EM LÂMPADA APAGADA,RUA  JOSE DE SOUZA MARMELO,74,COHAB,6,2021-04-09T00:00:00,EXECUÇÃO,2021-04-09T00:00:00
96,17,ILUMINAÇÃO PÚBLICA,25,MANUTENÇÃO EM LÂMPADA APAGADA,RUA  JOSE DOS SANTOS,SN,ENGENHO DO MEIO,4,2021-04-09T00:00:00,EXECUÇÃO,2021-04-09T00:00:00
97,17,ILUMINAÇÃO PÚBLICA,25,MANUTENÇÃO EM LÂMPADA APAGADA,RUA  MANOEL AZEVEDO DE ANDRADE,39,MUSTARDINHA,5,2021-04-09T00:00:00,EXECUÇÃO,2021-04-09T00:00:00
98,17,ILUMINAÇÃO PÚBLICA,25,MANUTENÇÃO EM LÂMPADA APAGADA,RUA  MAQUINE,11,COQUEIRAL,5,2021-04-09T00:00:00,EXECUÇÃO,2021-04-09T00:00:00
99,17,ILUMINAÇÃO PÚBLICA,25,MANUTENÇÃO EM LÂMPADA APAGADA,RUA  MOEDA,SN,RECIFE,1,2021-04-09T00:00:00,EXECUÇÃO,2021-04-09T00:00:00
100,17,ILUMINAÇÃO PÚBLICA,25,MANUTENÇÃO EM LÂMPADA APAGADA,RUA  MONICA RAPOSO,22,COHAB,6,2021-04-09T00:00:00,EXECUÇÃO,2021-04-09T00:00:00
101,17,ILUMINAÇÃO PÚBLICA,25,MANUTENÇÃO EM LÂMPADA APAGADA,RUA  NOVA DESCOBERTA,S/N,NOVA DESCOBERTA,3,2021-04-09T00:00:00,EXECUÇÃO,2021-04-09T00:00:00
102,17,ILUMINAÇÃO PÚBLICA,25,MANUTENÇÃO EM LÂMPADA APAGADA,RUA  PEDRO ALVES,50,ENCRUZILHADA,2,2021-04-09T00:00:00,EXECUÇÃO,2021-04-09T00:00:00
103,17,ILUMINAÇÃO PÚBLICA,25,MANUTENÇÃO EM LÂMPADA APAGADA,RUA  PROJETADA,00,BOA VIAGEM,6,2021-04-09T00:00:00,EXECUÇÃO,2021-04-09T00:00:00
104,17,ILUMINAÇÃO PÚBLICA,25,MANUTENÇÃO EM LÂMPADA APAGADA,RUA  PROJETADA,00,MUSTARDINHA,5,2021-04-09T00:00:00,EXECUÇÃO,2021-04-09T00:00:00
105,17,ILUMINAÇÃO PÚBLICA,25,MANUTENÇÃO EM LÂMPADA APAGADA,RUA  SERGIO BITTENCOURT,38,JORDAO,6,2021-04-09T00:00:00,EXECUÇÃO,2021-04-09T00:00:00
106,17,ILUMINAÇÃO PÚBLICA,25,MANUTENÇÃO EM LÂMPADA APAGADA,RUA  SEVERINO BERNARDINO PEREIRA,234,ALTO JOSE DO PINHO,3,2021-04-09T00:00:00,EXECUÇÃO,2021-04-09T00:00:00
107,17,ILUMINAÇÃO PÚBLICA,25,MANUTENÇÃO EM LÂMPADA APAGADA,RUA  SILVEIRANIA,170,JIQUIA,5,2021-04-09T00:00:00,EXECUÇÃO,2021-04-09T00:00:00
108,17,ILUMINAÇÃO PÚBLICA,25,MANUTENÇÃO EM LÂMPADA APAGADA,RUA  TERRA RICA,75,BARRO,5,2021-04-09T00:00:00,EXECUÇÃO,2021-04-09T00:00:00
109,17,ILUMINAÇÃO PÚBLICA,25,MANUTENÇÃO EM LÂMPADA APAGADA,RUA CANTOR CARLOS ALEXANDRE,40,BARRO,5,2021-04-09T00:00:00,EXECUÇÃO,2021-04-09T00:00:00
110,17,ILUMINAÇÃO PÚBLICA,25,MANUTENÇÃO EM LÂMPADA APAGADA,RUA CAPITAO JOSE DA LUZ,25,ILHA DO LEITE,1,2021-04-09T00:00:00,EXECUÇÃO,2021-04-09T00:00:00
111,17,ILUMINAÇÃO PÚBLICA,25,MANUTENÇÃO EM LÂMPADA APAGADA,RUA CONEGO LIRA,282,IMBIRIBEIRA,6,2021-04-09T00:00:00,EXECUÇÃO,2021-04-09T00:00:00
112,17,ILUMINAÇÃO PÚBLICA,25,MANUTENÇÃO EM LÂMPADA APAGADA,RUA CONEGO OLIMPIO TORRES,224,CAMPINA DO BARRETO,2,2021-04-09T00:00:00,EXECUÇÃO,2021-04-09T00:00:00
113,17,ILUMINAÇÃO PÚBLICA,25,MANUTENÇÃO EM LÂMPADA APAGADA,RUA DOM EXPEDITO LOPES,139,SAN MARTIN,5,2021-04-09T00:00:00,EXECUÇÃO,2021-04-09T00:00:00
114,17,ILUMINAÇÃO PÚBLICA,25,MANUTENÇÃO EM LÂMPADA APAGADA,RUA DR BENIGNO JORDAO DE VASCONCELOS,1315,COHAB,6,2021-04-09T00:00:00,EXECUÇÃO,2021-04-09T00:00:00
115,17,ILUMINAÇÃO PÚBLICA,25,MANUTENÇÃO EM LÂMPADA APAGADA,RUA FREI CASSIMIRO,905,SANTO AMARO,1,2021-04-09T00:00:00,EXECUÇÃO,2021-04-09T00:00:00
116,17,ILUMINAÇÃO PÚBLICA,25,MANUTENÇÃO EM LÂMPADA APAGADA,RUA PADRE HENRIQUE,105,BARRO,5,2021-04-09T00:00:00,EXECUÇÃO,2021-04-09T00:00:00
117,17,ILUMINAÇÃO PÚBLICA,25,MANUTENÇÃO EM LÂMPADA APAGADA,RUA PRINCIPE BEIRA,267,JIQUIA,5,2021-04-09T00:00:00,EXECUÇÃO,2021-04-09T00:00:00
118,17,ILUMINAÇÃO PÚBLICA,25,MANUTENÇÃO EM LÂMPADA APAGADA,RUA PRINCIPE BEIRA,845,JIQUIA,5,2021-04-09T00:00:00,EXECUÇÃO,2021-04-09T00:00:00
119,17,ILUMINAÇÃO PÚBLICA,25,MANUTENÇÃO EM LÂMPADA APAGADA,RUA SANTA ROSA,88,SAN MARTIN,5,2021-04-09T00:00:00,EXECUÇÃO,2021-04-09T00:00:00
120,17,ILUMINAÇÃO PÚBLICA,25,MANUTENÇÃO EM LÂMPADA APAGADA,RUA SOLDADO VIRGILIO LUCIO,122,COHAB,6,2021-04-09T00:00:00,EXECUÇÃO,2021-04-09T00:00:00
121,17,ILUMINAÇÃO PÚBLICA,25,MANUTENÇÃO EM LÂMPADA APAGADA,RUA VISCONDE BARBACENA,SN,VARZEA,4,2021-04-09T00:00:00,EXECUÇÃO,2021-04-09T00:00:00
122,17,ILUMINAÇÃO PÚBLICA,434,IMPLANTAR LUMINÁRIA LED,AV  RUI BARBOSA,00,JAQUEIRA,3,2021-04-09T00:00:00,ATENDIDA,2021-04-09T00:00:00
123,17,ILUMINAÇÃO PÚBLICA,434,IMPLANTAR LUMINÁRIA LED,EST  BELEM,S/N,CAMPO GRANDE,2,2021-04-09T00:00:00,ATENDIDA,2021-04-09T00:00:00
124,17,ILUMINAÇÃO PÚBLICA,434,IMPLANTAR LUMINÁRIA LED,PRC  ALEIXO DE OLIVEIRA,S/N,IPSEP,6,2021-04-09T00:00:00,ATENDIDA,2021-04-09T00:00:00
125,17,ILUMINAÇÃO PÚBLICA,434,IMPLANTAR LUMINÁRIA LED,PRC  GREGORIO BEZERRA,00,TORRE,4,2021-04-09T00:00:00,ATENDIDA,2021-04-09T00:00:00
126,17,ILUMINAÇÃO PÚBLICA,434,IMPLANTAR LUMINÁRIA LED,RUA  DAVID NASSER,260,IPUTINGA,4,2021-04-09T00:00:00,ATENDIDA,2021-04-09T00:00:00
127,17,ILUMINAÇÃO PÚBLICA,434,IMPLANTAR LUMINÁRIA LED,RUA  HISTORIADOR LUIZ DO NASCIMENTO,S/N,VARZEA,4,2021-04-09T00:00:00,ATENDIDA,2021-04-09T00:00:00
128,17,ILUMINAÇÃO PÚBLICA,434,IMPLANTAR LUMINÁRIA LED,RUA  PROJETADA,S/N,CURADO,5,2021-04-09T00:00:00,ATENDIDA,2021-04-09T00:00:00
129,17,ILUMINAÇÃO PÚBLICA,434,IMPLANTAR LUMINÁRIA LED,RUA  RIO NILO,00,PASSARINHO,3,2021-04-09T00:00:00,ATENDIDA,2021-04-09T00:00:00
130,20,LIMPEZA URBANA,3,REMOÇÃO DE ENTULHOS,AV  TANCREDO NEVES,460,BREJO DE BEBERIBE,3,2021-04-09T00:00:00,CADASTRADA,2021-04-09T00:00:00
131,20,LIMPEZA URBANA,3,REMOÇÃO DE ENTULHOS,RUA  CORREGO DO EUCLIDES,686,ALTO JOSE BONIFACIO,3,2021-04-09T00:00:00,PREPARAÇÃO,2021-04-09T00:00:00
132,20,LIMPEZA URBANA,3,REMOÇÃO DE ENTULHOS,RUA  CORREGO DO EUCLIDES,700,ALTO JOSE BONIFACIO,3,2021-04-09T00:00:00,CADASTRADA,2021-04-09T00:00:00
133,20,LIMPEZA URBANA,3,REMOÇÃO DE ENTULHOS,RUA  CORREGO MANOEL DAS MENINAS,4838,BREJO DA GUABIRABA,3,2021-04-09T00:00:00,CADASTRADA,2021-04-09T00:00:00
134,20,LIMPEZA URBANA,3,REMOÇÃO DE ENTULHOS,RUA  DOURADINHA,S/N,VASCO DA GAMA,3,2021-04-09T00:00:00,CADASTRADA,2021-04-09T00:00:00
135,20,LIMPEZA URBANA,3,REMOÇÃO DE ENTULHOS,RUA  FERNAO LOPES,S/N,VARZEA,4,2021-04-09T00:00:00,PREPARAÇÃO,2021-04-09T00:00:00
136,20,LIMPEZA URBANA,3,REMOÇÃO DE ENTULHOS,RUA  JURUMIRIM,132,AGUA FRIA,2,2021-04-09T00:00:00,CADASTRADA,2021-04-09T00:00:00
137,20,LIMPEZA URBANA,3,REMOÇÃO DE ENTULHOS,RUA  MARUIM,837,SAO JOSE,1,2021-04-09T00:00:00,ATENDIDA,2021-04-09T00:00:00
138,20,LIMPEZA URBANA,3,REMOÇÃO DE ENTULHOS,RUA  RIO,497,MANGABEIRA,3,2021-04-09T00:00:00,CADASTRADA,2021-04-09T00:00:00
139,20,LIMPEZA URBANA,3,REMOÇÃO DE ENTULHOS,RUA COMANDANTE ARNALDO DA COSTA VARELA,146,CABANGA,1,2021-04-09T00:00:00,PREPARAÇÃO,2021-04-09T00:00:00
140,20,LIMPEZA URBANA,3,REMOÇÃO DE ENTULHOS,RUA DR CARLOS ALBERTO DE MENEZES,143,AFOGADOS,5,2021-04-09T00:00:00,CADASTRADA,2021-04-09T00:00:00
141,20,LIMPEZA URBANA,3,REMOÇÃO DE ENTULHOS,RUA PADRE CARLOS LEONCIO,S/N,IMBIRIBEIRA,6,2021-04-09T00:00:00,PREPARAÇÃO,2021-04-09T00:00:00
142,20,LIMPEZA URBANA,3,REMOÇÃO DE ENTULHOS,RUA PROFESSOR HENRIQUE DE LUCENA,60,JARDIM SAO PAULO,5,2021-04-09T00:00:00,CADASTRADA,2021-04-09T00:00:00
143,20,LIMPEZA URBANA,41,CAPINAÇÃO EM VIA PAVIMENTADA,RUA  MANOEL INACIO,52,JARDIM SAO PAULO,5,2021-04-09T00:00:00,PREPARAÇÃO,2021-04-09T00:00:00
144,20,LIMPEZA URBANA,41,CAPINAÇÃO EM VIA PAVIMENTADA,RUA ARQUITETO FERNANDO ALMEIDA,SN,IMBIRIBEIRA,6,2021-04-09T00:00:00,PREPARAÇÃO,2021-04-09T00:00:00
145,20,LIMPEZA URBANA,41,CAPINAÇÃO EM VIA PAVIMENTADA,RUA DR LUIZ INACIO PESSOA DE MELO,S/N,BOA VIAGEM,6,2021-04-09T00:00:00,PREPARAÇÃO,2021-04-09T00:00:00
146,20,LIMPEZA URBANA,141,CAPINAÇÃO EM VIA NÃO PAVIMENTADA,RUA  JURUMIRIM,SN,AGUA FRIA,2,2021-04-09T00:00:00,CADASTRADA,2021-04-09T00:00:00
147,20,LIMPEZA URBANA,141,CAPINAÇÃO EM VIA NÃO PAVIMENTADA,RUA  MARCOS SANTANA,S/N,IBURA,6,2021-04-09T00:00:00,PREPARAÇÃO,2021-04-09T00:00:00
148,20,LIMPEZA URBANA,141,CAPINAÇÃO EM VIA NÃO PAVIMENTADA,RUA SAO MARCOS,SN,IBURA,6,2021-04-09T00:00:00,PREPARAÇÃO,2021-04-09T00:00:00
149,21,LUMINÁRIAS,10,IMPLANTACAO DE LUMINARIAS,RUA  MANOEL INACIO,44A,JARDIM SAO PAULO,5,2021-04-09T00:00:00,EXECUÇÃO,2021-04-09T00:00:00
150,21,LUMINÁRIAS,10,IMPLANTACAO DE LUMINARIAS,RUA  PIRAGIBE,22,BARRO,5,2021-04-09T00:00:00,EXECUÇÃO,2021-04-09T00:00:00
151,21,LUMINÁRIAS,242,POSICIONAR LUMINARIA,RUA PRINCIPE BEIRA,246,JIQUIA,5,2021-04-09T00:00:00,EXECUÇÃO,2021-04-09T00:00:00
152,22,MACRODRENAGEM,11,LIMPEZA DE CANAL,RUA  NOVA DESCOBERTA,1900,NOVA DESCOBERTA,3,2021-04-09T00:00:00,CADASTRADA,2021-04-09T00:00:00
153,25,PAVIMENTAÇÃO,71,RECAPEAMENTO ASFALTICO,RUA  SEVERINA SILVA REGO,86,ESTANCIA,5,2021-04-09T00:00:00,CADASTRADA,2021-04-09T00:00:00
154,25,PAVIMENTAÇÃO,74,RECUPERAÇÃO DE PAVIMENTO PARALELEPIPEDO,AV  DEZESSETE DE AGOSTO,S/N,CASA FORTE,3,2021-04-09T00:00:00,CADASTRADA,2021-04-09T00:00:00
155,25,PAVIMENTAÇÃO,74,RECUPERAÇÃO DE PAVIMENTO PARALELEPIPEDO,RUA  CORREGO DA BICA,S/N,PASSARINHO,3,2021-04-09T00:00:00,CADASTRADA,2021-04-09T00:00:00
156,25,PAVIMENTAÇÃO,74,RECUPERAÇÃO DE PAVIMENTO PARALELEPIPEDO,RUA  ISAAC SALAZAR,189,TAMARINEIRA,3,2021-04-09T00:00:00,CADASTRADA,2021-04-09T00:00:00
157,25,PAVIMENTAÇÃO,74,RECUPERAÇÃO DE PAVIMENTO PARALELEPIPEDO,RUA  PIRIZAL,180,VASCO DA GAMA,3,2021-04-09T00:00:00,CADASTRADA,2021-04-09T00:00:00
158,25,PAVIMENTAÇÃO,74,RECUPERAÇÃO DE PAVIMENTO PARALELEPIPEDO,RUA  SITIO SAPUCAIA,S/N,SITIO DOS PINTOS,3,2021-04-09T00:00:00,CADASTRADA,2021-04-09T00:00:00
159,25,PAVIMENTAÇÃO,249,RETIRADA DE MATERIAIS - SERVICOS,RUA EXP GUILHERME BRASILEIRO,250,IPUTINGA,4,2021-04-09T00:00:00,CADASTRADA,2021-04-09T00:00:00
160,27,POSTE,29,REPOSICAO DESL. E RET. DE POSTE,RUA CORONEL MARIO LIBORIO,S/N,CAMPINA DO BARRETO,2,2021-04-09T00:00:00,ATENDIDA,2021-04-09T00:00:00
161,28,PRAÇAS,43,CAPINACAO DE PRACAS AREAS VERD,RUA  DAGOBERTO PIRES,SN,BRASILIA TEIMOSA,6,2021-04-09T00:00:00,CADASTRADA,2021-04-09T00:00:00
162,28,PRAÇAS,43,CAPINACAO DE PRACAS AREAS VERD,RUA  FRANCISCO DE PAULA MACHADO,S/N,CORDEIRO,4,2021-04-09T00:00:00,CADASTRADA,2021-04-09T00:00:00
163,28,PRAÇAS,90,LIMPEZA DE PRACAS,AV GOVERNADOR AGAMENON MAGALHAES,206,SANTO AMARO,1,2021-04-09T00:00:00,CADASTRADA,2021-04-09T00:00:00
164,33,VÃO DE REDE,241,REPOSICAO VAO DE REDE,RUA MAESTRO GILBERTO FREYRE,S/N,VARZEA,4,2021-04-09T00:00:00,ATENDIDA,2021-04-09T00:00:00
